site_id,period,year,average_consumption,max_consumption,total_consumption
Site_A,24,2023,59.919108192187984,99.94,173345.97999999984
Site_A,25,2023,60.02828341013831,99.94,52104.550000000054
Site_B,24,2023,59.05445328719709,99.97,170667.3699999996
Site_B,25,2023,58.085144508670545,100.0,50243.65000000002
